Year,Var.Temp,Tot.Prec,Stem.Count,FL_VB,FL_ZOI,FM_ZOI_90,Fdis,Occupancy Sum,For_Cov_ZOI
2007,0.953,1819.1,2100,0.53037,1036.7116,99.52422,2.168186,4.189379,425148.9
2008,0.937,2053.96,2116,1.74251,2189.0863,101.3433,2.26666,3.671977,422959.8
2009,0.924,1277.25,2139,3.78714,2764.764,102.5981,2.178445,3.066733,420195.1
2010,2.251,2012.34,2140,2.9546,1528.4678,103.9839,2.127046,2.952605,418666.6
2011,1.513,1771.32,2145,1.59085,1105.783,105.0547,2.204118,3.127689,417560.8
2012,1.025,1615.14,2160,3.55967,993.217,105.9431,2.134166,2.727188,416567.6
2013,0.756,1852.86,2159,1.51497,637.0092,105.2782,2.230085,2.911556,415930.6
2014,0.881,2079.2,,1.43892,1113.7292,104.0766,2.129943,2.531196,414816.9